{"cameraMode":{"drawMode":0,"name":"Shaded","section":"Shading Mode"},"sceneLighting":true,"audioPlay":false,"sceneViewState":{"m_AlwaysRefresh":true,"showFog":true,"showSkybox":true,"showFlares":true,"showImageEffects":true,"showParticleSystems":true,"showVisualEffectGraphs":true,"m_FxEnabled":true},"in2DMode":false,"pivot":{"x":-0.5440000295639038,"y":1.1399400234222413,"z":-0.010150535963475705},"rotation":{"x":-0.012563510797917843,"y":0.41562753915786745,"z":-0.005738284904509783,"w":-0.9094829559326172},"size":10.765000343322754,"orthographic":false}