{"cameraMode":{"drawMode":0,"name":"Shaded","section":"Shading Mode"},"sceneLighting":true,"audioPlay":false,"sceneViewState":{"m_AlwaysRefresh":true,"showFog":true,"showSkybox":true,"showFlares":true,"showImageEffects":true,"showParticleSystems":true,"showVisualEffectGraphs":true,"m_FxEnabled":true},"in2DMode":false,"pivot":{"x":-0.22324085235595704,"y":0.9777846336364746,"z":0.2818278670310974},"rotation":{"x":-0.2611631155014038,"y":-0.19446557760238648,"z":0.05734870955348015,"w":-0.9440409541130066},"size":4.748960494995117,"orthographic":false}